1,1,Pilot,7-7-2006
1,2,Spellingg Bee,7-14-2006
1,3,Speak Now or Forever Hold Your Piece,7-21-2006
1,4,Woman Seeking Dead Husband: Smokers Okay| No Pets,7-28-2006
1,5,9 Lives,8-4-2006
1,6,Weekend Warriors,8-11-2006
1,7,Who Ya Gonna Call?,8-18-2006
1,8,Shawn vs. the Red Phantom,8-25-2006
1,9,Forget Me Not,1-19-2007
1,10,From the Earth to the Starbucks,1-26-2007
1,11,He Loves Me| He Loves Me Not| He Loves Me| Oops He's Dead!,2-2-2007
1,12,Cloudy... With a Chance of Murder,2-9-2007
1,13,Game| Set... Muuurder?,2-16-2007
1,14,Poker? I Barely Know Her,2-23-2007
1,15,Scary Sherry: Bianca's Toast,3-2-2007
2,1,American Duos,7-13-2007
2,2,65 Million Years Off,7-20-2007
2,3,Psy vs. Psy,7-27-2007
2,4,Zero to Murder in Sixty Seconds,8-3-2007
2,5,And Down the Stretch Comes Murder,8-10-2007
2,6,Meat Is Murder| But Murder Is Also Murder,8-17-2007
2,7,If You're So Smart| Then Why Are You Dead?,8-24-2007
2,8,Rob-a-Bye Baby,9-7-2007
2,9,Bounty Hunters!,9-14-2007
2,10,Gus' Dad May Have Killed an Old Guy,12-7-2007
2,11,There's Something About Mira,1-11-2008
2,12,The Old and the Restless,1-18-2008
2,13,Lights| Camera... Homicidio,1-25-2008
2,14,Dis-Lodged,2-1-2008
2,15,Black and Tan: A Crime of Fashion,2-8-2008
2,16,Shawn (and Gus) of the Dead,2-15-2008
3,1,Ghosts,7-18-2008
3,2,Murder?   Anyone?   Anyone?   Bueller?,7-25-2008
3,3,Daredevils!,8-1-2008
3,4,The Greatest Adventure in the History of Basic Cable,8-8-2008
3,5,Disco Didn't Die. It Was Murdered!,8-15-2008
3,6,There Might Be Blood,8-22-2008
3,7,Talk Derby to Me,9-5-2008
3,8,Gus Walks into a Bank,9-12-2008
3,9,Christmas Joy,11-28-2008
3,10,Six Feet Under the Sea,1-9-2009
3,11,Lassie Did a Bad| Bad Thing,1-16-2009
3,12,Earth| Wind and... Wait for It,1-23-2009
3,13,Any Given Friday Night at 10pm| 9pm Central,1-30-2009
3,14,Truer Lies,2-6-2009
3,15,Tuesday the 17th,2-13-2009
3,16,An Evening with Mr. Yang,2-20-2009
4,1,Extradition: British Columbia,8-7-2009
4,2,He Dead,8-14-2009
4,3,High Noon-ish,8-21-2009
4,4,The Devil's in the Details... and the Upstairs Bedroom,8-28-2009
4,5,Shawn Gets the Yips,9-11-2009
4,6,Bollywood Homicide,9-18-2009
4,7,High Top Fade-Out,9-25-2009
4,8,Let's Get Hairy,10-9-2009
4,9,Shawn Takes a Shot in the Dark,10-16-2009
4,10,You Can't Handle This Episode,1-27-2010
4,11,Thrill Seekers and Hell-Raisers,2-3-2010
4,12,A Very Juliet Episode,2-10-2010
4,13,Death Is in the Air,2-17-2010
4,14,Think Tank,2-24-2010
4,15,The Head| the Tail\ the Whole Damn Episode,3-3-2010
4,16,Mr. Yin Presents...,3-10-2010
5,1,Romeo and Juliet and Juliet,7-14-2010
5,2,Feet Don't Kill Me Now,7-21-2010
5,3,Not Even Close... Encounters,7-28-2010
5,4,Chivalry Is Not Dead... But Someone Is,8-4-2010
5,5,Shawn and Gus in Drag (Racing),8-11-2010
5,6,Viagra Falls,8-18-2010
5,7,Ferry Tale,8-25-2010
5,8,Shawn 2.0,9-1-2010
5,9,One| Maybe Two| Ways Out,9-8-2010
5,10,Extradition II: The Actual Extradition Part,11-10-2010
5,11,In Plain Fright,11-17-2010
5,12,Dual Spires,12-1-2010
5,13,We'd Like to Thank the Academy,12-8-2010
5,14,The Polarizing Express,12-15-2010
5,15,Dead Bear Walking,12-15-2010
5,16,Yang 3 in 2D,12-22-2010
6,1,Shawn Rescues Darth Vader,10-12-2011
6,2,Last Night Gus,10-19-2011
6,3,This Episode Sucks,10-26-2011
6,4,The Amazing Psych-Man & Tap Man| Issue #2,11-2-2011
6,5,Dead Man's Curve Ball,11-9-2011
6,6,Shawn| Interrupted,11-16-2011
6,7,In for a Penny...,11-30-2011
6,8,The Tao of Gus,12-7-2011
6,9,Neil Simon's Lover's Retreat,12-14-2011
6,10,Indiana Shawn and the Temple of the Kinda Crappy| Rusty Old Dagger,2-29-2012
6,11,Heeeeere's Lassie,3-7-2012
6,12,Shawn and the Real Girl,3-14-2012
6,13,Let's Doo-Wop It Again,3-21-2012
6,14,Autopsy Turvy,3-28-2012
6,15,True Grits,4-4-2012
6,16,Santabarbaratown,4-11-2012
7,1,Santabarbaratown 2,2-27-2013
7,2,Juliet Takes a Luvvah,3-6-2013
7,3,Lassie Jerky,3-13-2013
7,4,No Country for Two Old Men,3-20-2013
7,5,100 Clues,3-27-2013
7,6,Cirque Du Soul,4-3-2013
7,7,Deez Nups,4-10-2013
7,8,Right Turn or Left for Dead,4-17-2013
7,9,Juliet Wears the Pantsuit,4-24-2013
7,10,Santa Barbarian Candidate,5-1-2013
7,11,Office Space,5-8-2013
7,12,Dead Air,5-15-2013
7,13,Nip and Suck It!,5-22-2013
7,14,No Trout About It,5-29-2013
7,15-16,Psych: The Musical,12-15-2013
8,1,Lock| Stock| Some Smoking Barrels and Burton Guster's Goblet of Fire,1-8-2014
8,2,S.E.I.Z.E. the Day,1-15-2014
8,3,Remake A.K.A. Cloudy... With a Chance of Improvement,1-22-2014
8,4,Someone's Got a Woody,1-29-2014
8,5,COG Blocked,2-5-2014
8,6,1967: A Psych Odyssey,2-26-2014
8,7,Shawn and Gus Truck Things Up,3-5-2014
8,8,A Touch of Sweevil,3-12-2014
8,9,A Nightmare on State Street,3-19-2014
8,10,The Break-Up,3-26-2014